Job Title,Company,Date,Address,Link,Description
Software Engineer - Early Career,ASM,2 days ago,Greater Phoenix Area,https://www.linkedin.com/jobs/view/software-engineer-early-career-at-asm-4120236539?position=1&pageNum=0&refId=tkfDEP%2Bvfc7VAy26L9C9Gw%3D%3D&trackingId=RQ5mBG%2B8MaRXWXnWUKRO6A%3D%3D,"Step into a career with ASM, where cutting edge technology meets collaborative culture.
For over 55 years ASM has been ahead of what’s next, at the forefront of innovation and what’s technologically possible. With more than 4,500 ASMers representing 70 nationalities, our people and our advanced semiconductor devices are playing a crucial role in trends such as 5G, cloud computing, AI, and autonomous driving.  But we’re more than just a tech company. We value diversity, inclusion and sustainability as we strive to make a positive impact on the world. Our development programs help support your growth, shaping your future and pushing the boundaries of innovation to unleash potential.
Role Overview
At ASM, the Software Engineering team works on delivering software that has immediate, tangible results visible in the operation of semiconductor processing equipment hardware. The hardware includes robotics, gas valves, temperature controllers and other hardware. Come join our team and have the opportunity to:
Develop Advance software for cutting edge tech
See your work have real results by driving the most advanced HW in the SEMI industry
Work with a global team full of talented Software Engineers
Solve complex problems using AI/ML/Advanced Algorithms/Data Science
Be part to the team that leads the next generation of SEMI manufacture control Software technology and trends
Travel globally and visit major chip makers FAB sites
Work in Phoenix, the heart of the next SEMI tech hub
Responsibilities
Design, develop, test, deploy, maintain and improve software for our semiconductor manufacturing equipment
Developing for Windows and Windows Real-time Operating Systems
Troubleshoot and resolve computer software issues, including real-time software control systems
Able to triage mechanical, electrical and software bugs
Responsible to manage escalation calls with field support engineers and customers at a national and global level
Work with QA / Support team to add replicated bugs to regression
Author, revise, and review system specifications, software designs, test plans, and other software documentation.
Investigate both internal and external inquiries, questions and problem reports. Offer problem analysis, solutions, or alternatives as a result of these investigations.
Evaluate software engineering tools.
Participate in system design teams.
Travel to customer sites to support installations, training, and troubleshooting of ASM products.
Develop schedules for software development efforts.
Provide engineering solutions to resolve all software issues
Evaluating new software and hardware tools for possible department use
Minimum Qualifications
We are looking for candidates who have graduated within the last 0-2 years or will graduate in Spring or Fall 2025 and are eager to begin or advance their career.
Strong software development skills in C++ or C#
1+ years’ experience as a generalist or mid-stack software development with a Bachelor's degree OR recently graduated with Masters degree in Computer Science, Computer Engineering or Computer Systems
Preferred Qualifications
Strong software development skills in C++ or C#
Educational background in Computer Science or Computer Systems
Experience working with multiple items listed below
Software for Machine Control (including Semiconductor equipment)
Developing for Windows and Windows Real-time Operating Systems
Multi-threaded applications
Real-time software
Graphical User Interfaces
Device drivers or other interrupt driven software preferred
Data Communications and Networking
Knowledge of programming tools such as text editors, debuggers, application builders and configuration management tools.
Ability to read code and understand the functionality implemented and the ability to translate the functionality into another piece of software
Comprehend software documentation including specification and design documents, communication interface specific and API description
Apply Today To Be Part Of What’s Next.
We make the tech that enables the chips in devices which improve lives around the world. We do this with an eye to the future, pushing the boundaries of what’s possible through cutting-edge innovation, and driving the next wave of technological breakthroughs that shape how we live, work, and connect.
To learn more about ASM, find us at asm.com and on LinkedIn, Facebook, Instagram, X and YouTube.
ASM is an equal opportunity employer and considers qualified applicants for employment without regard to race, color, religion, age, nationality, social or ethnic origin, sexual orientation, gender, gender identify or expression, marital status, pregnancy, political affiliation, disability, genetic information, veteran status, or any other characteristic protected by law.
Show more
Show less"
Software Engineer 1,Choice Hotels International,6 days ago,"Scottsdale, AZ",https://www.linkedin.com/jobs/view/software-engineer-1-at-choice-hotels-international-4153442573?position=2&pageNum=0&refId=tkfDEP%2Bvfc7VAy26L9C9Gw%3D%3D&trackingId=3UsD9lJBRXjomOMSljEChA%3D%3D,"Who are we looking for?
Choice Hotels, one of the world’s largest lodging franchisors, has an exciting opportunity for a
Software Engineer 1
in the
Enterprise Architecture team
. Our Enterprise Architecture team plays a critical role in bridging business and technology, focusing on both traditional enterprise architecture and forward-thinking innovation. We drive technology adoption by solving organizational challenges and creating proof-of-concept solutions that streamline business processes.
As a Software Engineer 1, you will collaborate with principal architects and developers to develop, test, and deploy innovative solutions that address pain points across the organization. This role provides an opportunity to work with the latest technologies, including Apple Silicon developer machines, GitHub Copilot, and AI models, use languages such as Python, Java, and TypeScript (Next.js), and deploy applications to AWS using Harness. If you thrive in an environment that values problem-solving, adaptability, innovation, and curiosity, we invite you to apply today and
#MakeItYourChoice
.
Your Responsibilities
Develop and test proof-of-concept (PoC) solutions to tackle business and technical challenges.
Work closely with senior architects to turn innovative ideas into executable solutions.
Write secure, maintainable, and high-quality code using Python, Java, or TypeScript (Next.js).
Deploy applications to AWS using Harness and implement cloud best practices.
Participate in peer code reviews and ensure adherence to coding standards.
Collaborate with cross-functional teams to identify and resolve technology bottlenecks.
Assist in defining system architecture and best practices for application development.
Research and experiment with emerging technologies to drive innovation.
Develop and execute unit tests using PyTest, JUnit, or Jest.
Contribute to technical documentation and maintain system knowledge base.
Your Experience, Skills & Competencies
Bachelor’s degree in computer science, engineering, or a related field (or equivalent experience).
1-2 years of experience in software development with exposure to full-stack development.
Proficiency in at least one of Python, Java, or TypeScript (Next.js).
Experience with AWS services (Lambda, S3, API Gateway, DynamoDB, etc.).
Familiarity with DevOps tools like Harness, Jenkins, or GitHub Actions.
Understanding of agile methodologies and experience working in scrum teams.
Strong problem-solving skills and ability to work independently.
Ability to quickly learn and adapt to new technologies.
Strong communication skills with the ability to articulate technical solutions.
Your Team
This is an individual contributor role reporting to the Senior Director, Enterprise Architecture. You will be part of a growing team of three engineers, with guidance and mentorship from three principal architects. You will collaborate regularly with cross-functional teams to bring innovative solutions to life.
Your Work Location
As our Software Engineer 1, you will be based in our Scottsdale, AZ technology hub. This world-class facility, opened in October 2021, fosters collaboration and innovation among top-tier technology professionals.
About Choice
Choice Hotels International, Inc. (NYSE: CHH) is one of the largest lodging franchisors in the world. With nearly 7,500 hotels, representing nearly 630,000 rooms, in 46 countries and territories, with a range of high-quality lodging options from limited service to full-service hotels in the upper upscale, upper mid-scale, midscale, extended-stay, and economy segments. We’re the hotel company for those who choose to bet on themselves – the underdog, the dreamer, the entrepreneur – because that’s who we are, too.
At Choice, we are united by the simple belief that tomorrow will be even better than today – for associates, our company, and our franchisees. At our worldwide corporate headquarters in North Bethesda, MD, our technology center in Scottsdale, AZ, and through our associates around the globe, every voice is heard, and every idea is listened to, no matter what area of the company they come from. We are united in supporting the entrepreneurial dreams of our more than 18,000 franchise owners, which propels us forward – giving our work at Choice a purpose larger than our business.
PLEASE NOTE: This role is not eligible for sponsorship ***
Ability to model Choice’s Cultural Values: Welcome and Respect Everyone, Be Bold, Be Quick, Listen, Be Curious and Show Integrity.
Show more
Show less"
Python Engineer,Carvana,2 weeks ago,"Tempe, AZ",https://www.linkedin.com/jobs/view/python-engineer-at-carvana-4141191613?position=3&pageNum=0&refId=tkfDEP%2Bvfc7VAy26L9C9Gw%3D%3D&trackingId=2oQxGzhtY4FVjELCMK34%2FA%3D%3D,"About Carvana
“We believe CVNA is in the early stages of becoming the next U.S. retail category killer.”
– Stephens Investment Bank, Analyst Report, Sept. 2024
Building leading-edge technology has been at the core of Carvana’s strategy since our founding, driving us to become the 3rd fastest company in history to organically reach the Fortune 500 following only Amazon and Google. Today, we remain founder-lead and as ambitious as ever. In 2024, we have not only emerged as the fastest growing automotive retailer, but also the most profitable thanks to our deep vertical integration across retail, lending, vehicle transportation, wholesale auctions, and more.
If You Want To Grow Not Just As An Engineer But As a Leader And Business-builder, Carvana Is The Place For You. Our Technology Teams Build
End-to-end ecommerce for both selling and buying cars, including everything you see on Carvana.com and in our mobile apps.
AI-driven customer support across chat, email, SMS, and voice, as well as a proprietary CRM platform to ensure the most efficient and highest quality customer experience.
360° vehicle photography and interactive merchandising using cutting edge computer vision and AI techniques.
The most sophisticated and self-service automotive lending platform in the world.
Systems and tools behind a nationwide logistics network that has delivered and picked up over 3 million cars via our fully owned and operated fleet of automotive haulers, efficiently managing distribution of our massive inventory to 85% of US driveways.
Enterprise grade systems for operating the largest vehicle reconditioning facilities in the US, with workflow and automation to guide the work for everything mechanical, electrical, and cosmetic needed to bring each car to our high standards.
Early adoption and customization of AI tools for optimizing our Developer efficiency and experience.
And much, much more…
THIS IS A 100% ON-SITE POSITION FROM OUR HQ IN TEMPE (Monday through Friday)
Job Description...
As a Software Engineer on our Next Generation Communications Platform (NGCP) team, you’ll design and build microservices that integrate cutting-edge LLMs and AI models, and support ML pipelines for continuous improvement of our AI capabilities. The NGCP team is a passionate and collaborative group of experts in Product, Design, Data Science, and Engineering who are redefining customer experience at Carvana. At the heart of our work is a cutting-edge communication platform that empowers car buyers and sellers to enjoy an effortless car shopping experience every day. We build our systems from the ground up with a relentless focus on the end-consumer, and we’re looking for someone who shares our vision to join our team.
As a key member of the NGCP team, you’ll play an integral role in shaping Sebastian, our interactive chat-bot system, where you’ll work with cutting edge generative AI models in order to provide best-in-class customer service for all our customers. You’ll also contribute to our overarching data and AI strategy, enhancing a suite of ML-driven services that support our customers and advocates. Collaborating closely with our Product, Data Science, and Software Engineering teams, you’ll help transform every stage of the purchase process—from search right through to vehicle delivery.
Responsibilities
Enhance our NGCP platform by developing APIs and infrastructure that connect Sebastian, our AI chat bot, to communication channels like SMS, chat, voice, email, messaging services and the web
Creating systems, APIs, and tooling for enabling end-to-end dialogs between our AI and customers to improve the communication experience
Leverage the latest foundational models from OpenAI, Google, Anthropic and LLM frameworks to improve customers’ experiences.
Work with the Data Science team to build out services for training, monitoring and enhancing machine learning models’ accuracy
Help drive forward our MLOps framework to streamline model development, deployment and monitoring.
Full software development lifecycle from design and development to testing and operating in production
Communicate effectively with engineers, product managers and data scientists
Required Skills And Experience
Experience with Python, SQL
Experience with cloud APIs (e.g., GCP, AWS, Azure)
Experience using generative AI models like GPT-4/GPT-4o, Claude, others
Strong foundation in algorithms and data structures and their real-world use cases
Understanding of computer systems and networks
Production quality coding standards and patterns
Bonus Skill (helpful But Not Required)
Kubernetes and Docker
Experience with Copilot, Cline or other developer AI assistants
Experience with ML frameworks like TensorFlow or PyTorch
MLOps tools (Mlflow, Kubeflow)
What We’ll Offer In Return
Full-Time Salary Position with a competitive salary.
Medical, Dental, and Vision benefits.
401K with company match.
A multitude of perks including student loan payments, discounts on vehicles, benefits for your pets, and much more.
A great wellness program to keep you healthy and happy both physically and mentally.
Access to opportunities to expand your skill set and share your knowledge with others across the organization.
A company culture of promotions from within, with a start-up atmosphere allowing for varied and rapid career development.
Legal Stuff...
Hiring is contingent on passing a complete background check. This role is not eligible for visa sponsorship.
Carvana is an equal employment opportunity employer. All applicants receive consideration for employment without regard to race, color, religion, gender, sexual orientation, gender identity or expression, marital status, national origin, age, mental or physical disability, protected veteran status, or genetic information, or any other basis protected by applicable law. Carvana also prohibits harassment of applicants or employees based on any of these protected categories.
Please note this job description is not designed to contain a comprehensive listing of activities, duties, or responsibilities that are required of the employee for this job. Duties, responsibilities, and activities may change at any time with or without notice.
Show more
Show less"
Entry Level Software Developer,SkillStorm,1 week ago,"Chandler, AZ",https://www.linkedin.com/jobs/view/entry-level-software-developer-at-skillstorm-4131437908?position=4&pageNum=0&refId=tkfDEP%2Bvfc7VAy26L9C9Gw%3D%3D&trackingId=KHNafVhMcYZIeNf92tLO9w%3D%3D,"SkillStorm is actively seeking full-time Entry Level Software Developers for our government agency clients in Lake Mary, FL or Gilbert, AZ. An ideal candidate is one with a strong technical mindset, exceptional problem-solving skills, and logical reasoning abilities.
This position requires the ability to obtain a security clearance and relocate to Lake Mary, FL or Gilbert, AZ.
You will spend 12 weeks collaborating in team-based settings, undertaking diverse, real-world projects to prepare for seamless integration into our clients' operations. Once training is complete, you will be deployed to our enterprise or government clients, ready to have an immediate impact on day one.
Entry Level Software Developer Requirements
Must possess a Bachelor's degree
1-3 Years of previous of paid W2 experience required (does not have to be IT or tech related)
AND
1 year of paid W2
TECHNCIAL
experience
Must be open to relocation to Lake Mary, FL or Gilbert, AZ
Possess a strong understanding of programming principles, data structures, algorithms, databases, and SQL, enabling the development of software solutions.
Experience with software development and programming using Java, C#, or similar object-oriented programming language.
Ability to obtain a security clearance. (The process involves a thorough background check, including a review of criminal records, tax records, employment history, drug possession, and personal references.)
Legally authorized to work in the U.S. under SkillStorm's W2; not a C2C position. EOE, including disability/vets.
Strong analytical and problem-solving skills along with a logical mindset to tackle complex challenges to develop effective and innovative solutions.
Demonstrate excellent verbal and written communication skills, facilitating clear and effective interactions with team members, stakeholders, and clients.
Entry Level Software Developer Responsibilities
Develop new applications and modify existing applications using programming languages, platforms, frameworks, and tools used by our clients.
Pay keen attention to detail to ensure solutions meet business requirements and are operationally supportable and collaborate with teams to create visual mock-ups, prototypes, and diagrams.
Develop well-structured, readable, and efficient code to solve specific tasks or improve existing applications. Adhere to coding standards and best practices to maintain high-quality software.
Identify, diagnose, and fix bugs in software applications, ensuring that the applications run smoothly and efficiently. Provide technical support and problem resolution related to software issues.
Engage in code review sessions with peers to ensure code quality, share knowledge, and learn from others. Provide constructive feedback and suggest improvements to optimize performance.
Create and maintain technical documentation for software applications, which may include user guides, system manuals, and FAQs, to support end-users and future development efforts.
Keep up-to-date with the latest industry trends, programming techniques, and technologies. Participate in workshops, seminars, and training sessions to enhance technical skills and knowledge.
Work with stakeholders to understand and analyze requirements for new projects or enhancements to existing applications. Translate business needs into technical specifications.
Assist in the deployment and testing of applications to production environments, ensuring that they meet performance benchmarks and are compatible with other system components.
Work closely with other departments, such as quality assurance, project management, and product management, to ensure that projects are delivered on time and meet predefined objectives. Communicate ongoing activities and results to business sponsors, stakeholders, and management.
Where SkillStorm stands out:
Salary range- $52k-$74k annually
Enterprise level technology training and certification
Opportunity to work for enterprise companies and government agencies
Health, Vision, Dental, and Life Insurance with 401K
Continuous mentorship and support
About SkillStorm
Founded in 2002, SkillStorm was built on the mission of accelerating careers in high-demand technologies. We build customer-ready technology workforces for top Fortune 100 companies, government agencies, and system integrators within the U.S. Through collaboration with our software partners and customers, we create and advance purpose-built technology experts with the custom tech stacks, clearances, certifications, and location requirements of our clients. As a result of a robust supply chain of experienced tech professionals, our clients realize their business initiatives faster, and significantly increase productivity with Day-One effective technology teams at scale.
All qualified applicants will receive consideration for employment without regard to race, color, religion, sex, sexual orientation, gender identity, national origin, disability, or status as a protected veteran.
Show more
Show less"
Web Developer,Talent Groups,2 weeks ago,"Scottsdale, AZ",https://www.linkedin.com/jobs/view/web-developer-at-talent-groups-4118879822?position=5&pageNum=0&refId=tkfDEP%2Bvfc7VAy26L9C9Gw%3D%3D&trackingId=u%2FZ9U5sS7J0csGJKPCUzjg%3D%3D,"We have partnered with our client in the search for a Web Developer skilled in React, TypeScript/JavaScript, and Node.js to build and maintain scalable web applications and microservices. This role involves leveraging Kubernetes and Argo CD in an Agile environment to deliver high-quality solutions through collaboration with cross-functional teams.
Responsibilities
Develop and Maintain web applications using React and TypeScript /JavaScript
Develop scalable Microservices utilizing Node.js
Utilize Kubernetes for container orchestration and Argo CD for continuous deployments
Collaborate with cross functional teams in an Agile/Scrum environment to deliver high-quality software solutions
Skills and Experience:
2+ years of experience in software development with a focus on TypeScript/JavaScript and frameworks such as React
Hands-on experience in building microservices with Node.js
Proficiency in Git for version control
Understanding of CI/CD principles and pipeline configurations
Familiarity with regular expressions for pattern matching in text
Basic knowledge of software development methodologies
Strong communication skills, both written and verbal, with the ability to explain technical concepts clearly and patiently
A proactive approach to learning new skills and applying knowledge to solve complex problems
Show more
Show less"
Software Engineer – Entry Level,General Dynamics Mission Systems,5 days ago,"Scottsdale, AZ",https://www.linkedin.com/jobs/view/software-engineer-%E2%80%93-entry-level-at-general-dynamics-mission-systems-4151720910?position=6&pageNum=0&refId=tkfDEP%2Bvfc7VAy26L9C9Gw%3D%3D&trackingId=kxNLkPMF96eGS5M%2B71LwlQ%3D%3D,"At General Dynamics Mission Systems, we rise to the challenge each day to ensure the safety of those that lead, serve, and protect the world we live in. We do this by making the world’s most advanced defense platforms even smarter. Our engineers redefine what’s possible and our manufacturing team brings it to life, building the brains behind the brawn on submarines, ships, combat vehicles, aircraft, satellites, and other advanced systems.
We pride ourselves in being a great place to work with this shared sense of purpose, committed to a diverse and exciting employee experience that drives innovation and creates a community where all feel welcome and a part of something amazing.
We offer highly competitive benefits and a flexible work environment where contributions are recognized and rewarded. To see more about our benefits, visit https://gdmissionsystems.com/careers/why-work-for-us/benefits
General Dynamics is an Equal Opportunity/Affirmative Action Employer that is committed to hiring a diverse and talented workforce. EOE/Disability/Veteran
Requires a Bachelor’s degree in Software Engineering, or a related Science, Engineering or Mathematics field. Agile experience preferred.
CLEARANCE REQUIREMENTS:
[Department of Defense Secret security clearance is preferred at time of hire.] Applicants selected will be subject to a U.S. Government security investigation and must meet eligibility requirements for access to classified information. Due to the nature of work performed within our facilities, U.S. citizenship is required.
ROLE AND POSITION OBJECTIVES:
As a software engineer for SDA, you’ll be a member of a cross functional team responsible for Msking some of the most advance systems even smarter.
What sets you apart:
Clear understanding of the software engineering concepts, principles, theories, software development process, and agile methodology
Clear understanding of the software development process, with agile experience
Ability to grasp and apply new information quickly and handle increasing responsibilities with growing complexity
Team player who thrives in collaborative environments and revels in team success
Commitment to ongoing professional development for yourself and others
Our Commitment to You:
An exciting career path with opportunities for continuous learning and development.
Research oriented work, alongside award winning teams developing practical solutions for our nation’s security
Flexible schedules with every other Friday off work, if desired (9/80 schedule)
Competitive benefits, including 401k matching, flex time off, paid parental leave, healthcare benefits, health & wellness programs, employee resource and social groups, and more
See more at gdmissionsystems.com/careers/why-work-for-us/benefits
Workplace Options:
This position is fully onsite with the chance to have some flex.
While on-site, you will be a part of the SDA team in Scottsddale AZ
Show more
Show less"
Python Developer,Accord Technologies Inc,4 weeks ago,"Phoenix, AZ",https://www.linkedin.com/jobs/view/python-developer-at-accord-technologies-inc-4132360545?position=7&pageNum=0&refId=tkfDEP%2Bvfc7VAy26L9C9Gw%3D%3D&trackingId=S1ppkcbGlmMGHngnXARU0w%3D%3D,"Job Title: Python Developer
Location: Phoenix, AZ
Visa: Any
Job Description
Strong experience with Spark , Data Frames
Big Query background with data processing for large volumes
Strong Python background
Show more
Show less"
entry level Java spring boot Developer/Jr. Data Scientist (Remote),SynergisticIT,1 week ago,"Phoenix, AZ",https://www.linkedin.com/jobs/view/entry-level-java-spring-boot-developer-jr-data-scientist-remote-at-synergisticit-4151083145?position=8&pageNum=0&refId=tkfDEP%2Bvfc7VAy26L9C9Gw%3D%3D&trackingId=RSa3iUB%2BwlbELLghZVgrxw%3D%3D,"Since 2010 SynergisticIT has helped Jobseekers get employed in the tech Job market by providing candidates the requisite skills, experience and technical competence to outperform at interviews and at clients.
The Tech Job market has been affected by massive layoffs and since 2021 there have been more than 600,000.00 tech layoffs.
The Job market is Hyper Competitive. For 1 position 500-1000 candidates or more are applying and laid off job seekers are also competing for entry level Job positions.
Please see the below links to know more about Synergisticit and some useful tips
Synergisticit Pics /Salaries of Successful Candidates
Synergisticit at Oracle Cloudworld 2023
Synergisticit at Gartner Data & Analytics summit
Why do Tech Companies not Hire recent Computer Science Graduates | SynergisticIT
Technical Skills or Experience? | Which one is important to get a Job? | SynergisticIT
We regularly interact with the Top Tech companies to give our candidates a competitive advantage.
We at Synergisticit understand the problem of the mismatch between employer's requirements and Employee skills and that's why since 2010 we have helped 1000's of candidates get jobs at technology clients like
apple, google, Paypal, western union, Client, visa, walmart lab
s etc to name a few.
We are continuously looking for
entry-level software programmers, Java Full stack developers, Python/Java developers, Data analysts/ Data Scientists, Data Engineers, Machine Learning engineers
for full time positions with clients.
Who Should Apply? Recent Computer science/Engineering /Mathematics/Statistics or Science Graduates or People looking to switch careers or who have had gaps in employment and looking to make their careers in the Tech Industry.
We need Data Science/Machine learning/Data Analyst and Java Full stack candidates
Preferred SKILLS For Java /Full Stack/Devops Positions
Bachelors degree or Masters degree in Computer Science, Computer Engineering, Electrical Engineering, Information Systems, IT
Knowledge of Core Java , javascript , C++ or software programming
Spring boot, Microservices, Docker, Jenkins, Github, Kubernates and REST API's experience
For data Science/Data Analyst/AI/Machine learning Positions
Preferred SKILLS
Associate or Bachelors degree or Masters degree in Computer Science, Computer Engineering, Electrical Engineering, Information Systems, IT, Statistics, Mathematics or having good logical aptitude
Knowledge of Statistics, Gen AI, LLM, Sagemaker, Python, Computer Vision, data visualization tools
Candidates lacking technical skills can research our other programs which can assist in landing a Job
If you get emails from our Job Placement team and are not interested please email them or ask them to take you off their distribution list and make you unavailable as they share the same database with the client servicing team who only connect with candidates who are matching client requirements.
No phone calls please.
Shortlisted candidates would be reached out.
No third party or agency candidates or c2c candidates
Show more
Show less"
Software Engineer,"Consumer Cellular, Inc.",1 week ago,"Scottsdale, AZ",https://www.linkedin.com/jobs/view/software-engineer-at-consumer-cellular-inc-4149909170?position=9&pageNum=0&refId=tkfDEP%2Bvfc7VAy26L9C9Gw%3D%3D&trackingId=I%2B8Du%2BRCgJAptYmayyNU7w%3D%3D,"Remote work is available for this position if you reside within a 50-mile radius of Scottsdale, AZ, Portland, OR, or Cincinnati, OH
Job Summary
We are seeking skilled Software Developers who thrive in a highly collaborative, agile team environment. Developers at Consumer Cellular design elegant technical solutions for complex product requirements, deliver high quality code as part of a fast-moving agile team, and own the stability and quality of their domain. We would love to hear from talented developers who share our passion for leveraging the latest technology to provide a best-in-class experience to our customers.
Responsibilities
Collaborate with engineering and cross-functional teams to build and deliver custom enterprise software applications.
Accurately estimate tasks, bugs and spikes in your domain.
Build productive internal/external working relationships.
Effectively manage risk, change, and uncertainty with support from your Manager and peers.
Build a solid understanding of inter-team functional dependencies and navigate appropriate communication channels for solving issues as they arise.
Design and implement new features while continuously improving quality of technical products and applications.
Provide technical knowledge and share information as a developer on an agile squad.
Remain current on new technologies and software development trends.
Requirements
Bachelor's degree in Computer Science/Information Systems or comparable with 2+ years of experience.
Knowledge of object-oriented and functional software design.
Proficient in developing reusable common component libraries.
Familiarity with RESTful services.
Understanding of Software Development Methodologies.
Understanding of security best practices.
Understanding of accessibility best practices.
Understanding of SEO and web analytics best practices.
Strong problem solving and collaboration skills.
Excellent verbal and written communication skills.
Team Player.
Technology Requirements
Strong knowledge of web technologies - HTML, CSS, REST services
Proficient in
One or more modern front-end frameworks such as Angular or React
JavaScript or TypeScript
Git
SQL
Experience with CMS is preferred, Adobe Experience Manager specifically.
Experience with C# / .NET and/or Java is preferred.
Familiarity with the following day-to-day tools or equivalents preferred
Github
Jira
Confluence
TeamCity
Octopus Deploy
Kibana /Splunk
AppDynamics
Postman
Photoshop / Figma
About Consumer Cellular
Consumer Cellular is the top-rated wireless provider that provides cell phones and no-contract service plans primarily to those 50+. Founded over 25 years ago on the belief that everyone should have affordable access to the safety and convenience of cellular service, they have become well known for their 100% U.S.-based, award-winning customer support. Consumer Cellular has been honored by J.D. Power as #1 in Customer Service among Value MVNOs, 17 Times in a Row, making it the Most Awarded Brand for wireless customer service. In 2024, the company was also ranked #1 in network coverage and customer satisfaction among wireless carriers from ACSI. Based on 2024 ACSI® Survey of customers rating their own Wireless Service Provider. ACSI and its logo are registered trademarks of the American Customer Satisfaction Index LLC. Learn more at theacsi.org. Additionally, the company has been ranked on the Inc. 5000 list 12 times. The company has been an approved AARP Provider for over 14 years and offers AARP members exclusive discounts on service. The Scottsdale, AZ. based company is privately held with 2985 employees and utilizes the nation's largest voice and data networks, which cover 99 percent of the U.S. population. Consumer Cellular's wireless phones and plans are sold nationwide at leading retailers such as Target and Walmart, as well as directly to consumers at ConsumerCellular.com or (888) 345-5509. For J.D. Power 2022 Wireless Customer Care Mobile Virtual Network Operator Study award information, visit jdpower.com/awards. For cellphone tutorials, features, applications, and company news, connect with Consumer Cellular on Facebook, Instagram, and Youtube.
Pay & Benefits Data (in accordance with the Equal Pay and Opportunities Act)
Minimum Salary: $90,300
Maximum Salary: $121,800
This information reflects the anticipated base salary range for this position based on current national data. Minimums and maximums may vary based on location. Individual pay is based on skills, experience and other relevant factors. Our Talent Acquisition team are able to answer any additional questions you may have as you move through the selection process. As part of our Total Rewards package, Consumer Cellular, Inc. offers a broad range of Health, Life, Voluntary Lifestyle and other benefits and perks that enhance your physical, mental, and emotional wellbeing.
Competitive base pay with potential for shift differential, overtime and bonus pay
Medical insurance (98% company-paid for full-time employee only coverage)
Dental and Vision insurance (100% company-paid for full-time employee only coverage)
401(k) company match of 100% up to 6% of your pay
Discounted Consumer Cellular wireless phone plan for employees
Paid Time Off (PTO) available following a 30-day waiting period*
6 company-paid holidays plus 16 hours of floating holiday accrual per year
Flexible Spending Accounts (FSA) for health care and dependent care expenses
Life and AD&D insurance equal to 1x your annual earnings (100% company-paid)
Long-Term Disability insurance (100% company-paid)
Employee Assistance Program (100% company-paid)
Education reimbursement
Employee rewards program
Accrue up to 40 hours in 1st year for hourly positions and up to 120 hours for salaried positions.
Pre-employment Background Check And Drug Screen Is Required.
Primary Location
United States-Arizona-Scottsdale
Other Locations
United States-Ohio-Cincinnati, United States-Oregon-Portland
Job
Information Technology
Schedule
Full-time
Travel
Yes, 5 % of the Time
Job Posting
Feb 18, 2025
Unposting Date
Ongoing
Show more
Show less"
Software Engineer,"Consumer Cellular, Inc.",6 days ago,"Scottsdale, AZ",https://www.linkedin.com/jobs/view/software-engineer-at-consumer-cellular-inc-4150667779?position=10&pageNum=0&refId=tkfDEP%2Bvfc7VAy26L9C9Gw%3D%3D&trackingId=An0e7ByG6ZaZMGmVqteHnw%3D%3D,"Remote work is available for this position if you reside within a 50-mile radius of Scottsdale, AZ, Portland, OR, or Cincinnati, OH
Job Summary
We are seeking skilled Software Developers who thrive in a highly collaborative, agile team environment. Developers at Consumer Cellular design elegant technical solutions for complex product requirements, deliver high quality code as part of a fast-moving agile team, and own the stability and quality of their domain. We would love to hear from talented developers who share our passion for leveraging the latest technology to provide a best-in-class experience to our customers.
Responsibilities
Collaborate with engineering and cross-functional teams to build and deliver custom enterprise software applications.
Accurately estimate tasks, bugs and spikes in your domain.
Build productive internal/external working relationships.
Effectively manage risk, change, and uncertainty with support from your Manager and peers.
Build a solid understanding of inter-team functional dependencies and navigate appropriate communication channels for solving issues as they arise.
Design and implement new features while continuously improving quality of technical products and applications.
Provide technical knowledge and share information as a developer on an agile squad.
Remain current on new technologies and software development trends.
Requirements
Bachelor's degree in Computer Science/Information Systems or comparable with 2+ years of experience.
Knowledge of object-oriented and functional software design.
Proficient in developing reusable common component libraries.
Familiarity with RESTful services.
Understanding of Software Development Methodologies.
Understanding of security best practices.
Understanding of accessibility best practices.
Strong problem solving and collaboration skills.
Excellent verbal and written communication skills.
Team Player.
Technology Requirements
Strong knowledge of web technologies - HTML, CSS, REST services
Proficient in
One or more modern front-end frameworks such as Angular or React
JavaScript or TypeScript
Git
SQL
Experience with CMS is preferred, Adobe Experience manager specificilly.
Experience with C# / .NET is and or Java is preferred.
Familiarity with the following day-to-day tools or equivalents preferred.
Github
Jira
Confluence
TeamCity
Octopus Deploy
Kibana/Splunk
AppDynamics
Postman
Photoshop / Figma
About Consumer Cellular
Consumer Cellular is the top-rated wireless provider that provides cell phones and no-contract service plans primarily to those 50+. Founded over 25 years ago on the belief that everyone should have affordable access to the safety and convenience of cellular service, they have become well known for their 100% U.S.-based, award-winning customer support. Consumer Cellular has been honored by J.D. Power as #1 in Customer Service among Value MVNOs, 17 Times in a Row, making it the Most Awarded Brand for wireless customer service. In 2024, the company was also ranked #1 in network coverage and customer satisfaction among wireless carriers from ACSI. Based on 2024 ACSI® Survey of customers rating their own Wireless Service Provider. ACSI and its logo are registered trademarks of the American Customer Satisfaction Index LLC. Learn more at theacsi.org. Additionally, the company has been ranked on the Inc. 5000 list 12 times. The company has been an approved AARP Provider for over 14 years and offers AARP members exclusive discounts on service. The Scottsdale, AZ. based company is privately held with 2985 employees and utilizes the nation's largest voice and data networks, which cover 99 percent of the U.S. population. Consumer Cellular's wireless phones and plans are sold nationwide at leading retailers such as Target and Walmart, as well as directly to consumers at ConsumerCellular.com or (888) 345-5509. For J.D. Power 2022 Wireless Customer Care Mobile Virtual Network Operator Study award information, visit jdpower.com/awards. For cellphone tutorials, features, applications, and company news, connect with Consumer Cellular on Facebook, Instagram, and Youtube.
Pay & Benefits Data (in accordance with the Equal Pay and Opportunities Act)
Minimum Salary: $90,300
Maximum Salary: $121,800
This information reflects the anticipated base salary range for this position based on current national data. Minimums and maximums may vary based on location. Individual pay is based on skills, experience and other relevant factors. Our Talent Acquisition team are able to answer any additional questions you may have as you move through the selection process. As part of our Total Rewards package, Consumer Cellular, Inc. offers a broad range of Health, Life, Voluntary Lifestyle and other benefits and perks that enhance your physical, mental, and emotional wellbeing.
Competitive base pay with potential for shift differential, overtime and bonus pay
Medical insurance (98% company-paid for full-time employee only coverage)
Dental and Vision insurance (100% company-paid for full-time employee only coverage)
401(k) company match of 100% up to 6% of your pay
Discounted Consumer Cellular wireless phone plan for employees
Paid Time Off (PTO) available following a 30-day waiting period*
6 company-paid holidays plus 16 hours of floating holiday accrual per year
Flexible Spending Accounts (FSA) for health care and dependent care expenses
Life and AD&D insurance equal to 1x your annual earnings (100% company-paid)
Long-Term Disability insurance (100% company-paid)
Employee Assistance Program (100% company-paid)
Education reimbursement
Employee rewards program
Accrue up to 40 hours in 1st year for hourly positions and up to 120 hours for salaried positions.
Pre-employment Background Check And Drug Screen Is Required.
Primary Location
United States-Arizona-Scottsdale
Job
Information Technology
Schedule
Full-time
Travel
Yes, 5 % of the Time
Job Posting
Feb 14, 2025
Unposting Date
Mar 1, 2025
Show more
Show less"
Software Engineer - Platform,ASM,2 days ago,Greater Phoenix Area,https://www.linkedin.com/jobs/view/software-engineer-platform-at-asm-4131373885?position=11&pageNum=0&refId=tkfDEP%2Bvfc7VAy26L9C9Gw%3D%3D&trackingId=dF7FKOkVO92IpBvjnesr3w%3D%3D,"Step into a career with ASM, where cutting edge technology meets collaborative culture.
For over 55 years ASM has been ahead of what’s next, at the forefront of innovation and what’s technologically possible. With more than 4,500 ASMers representing 70 nationalities, our people and our advanced semiconductor devices are playing a crucial role in trends such as 5G, cloud computing, AI, and autonomous driving.  But we’re more than just a tech company. We value diversity, inclusion and sustainability as we strive to make a positive impact on the world. Our development programs help support your growth, shaping your future and pushing the boundaries of innovation to unleash potential.
As a Software Engineer on the Platform Team at ASM, you’ll play a crucial role in developing and optimizing Python code to support cutting-edge semiconductor solutions. Your work will directly contribute to the performance and efficiency of our platform, ensuring it remains at the forefront of innovation in the semiconductor industry. You’ll be responsible for writing, maintaining, and optimizing Python code that powers the underlying infrastructure, enabling seamless operation of our advanced semiconductor manufacturing technologies.
Responsibilities
Python Development & Optimization: Write, maintain, and optimize Python code for the core platform that supports ASM’s semiconductor technologies.
Identify and resolve performance bottlenecks, ensuring the platform is efficient, scalable, and reliable in high-demand environments.
Ensure the Python-based infrastructure integrates effectively with both hardware and other software components, contributing to system stability and scalability.
Work with hardware engineers, system architects, and other software teams to align platform development with ASM’s broader technological goals.
Diagnose and resolve issues related to Python code, optimizing platform performance for real-world applications.
Apply best practices in Python development, ensuring continuous improvement in code quality, scalability, and performance.
Job Requirements
BS degree+ 2 years of work experience or MS degree in Computer Science or related fields.
Proficiency in Python coding.
Experience in vectorized languages (C, C++, C#, MATLAB) is a plus.
Experience in codebase maintenance within a Git environment.
Contributing to open source or personal projects is a plus.
Strong understanding of software engineering principles and ability to work on complex systems-level projects.
Preferred Qualifications & Experience:
Experience in UI coding
Experience in signal analysis, including building custom analysis software from the ground up.
Experience optimizing Python for performance in real-time or high-demand systems.
Experience in codebase maintenance and collaborative development
Apply Today To Be Part Of What’s Next.
We make the tech that enables the chips in devices which improve lives around the world. We do this with an eye to the future, pushing the boundaries of what’s possible through cutting-edge innovation, and driving the next wave of technological breakthroughs that shape how we live, work, and connect.
To learn more about ASM, find us at asm.com and on LinkedIn, Facebook, Instagram, X and YouTube.
ASM is an equal opportunity employer and considers qualified applicants for employment without regard to race, color, religion, age, nationality, social or ethnic origin, sexual orientation, gender, gender identify or expression, marital status, pregnancy, political affiliation, disability, genetic information, veteran status, or any other characteristic protected by law.
Show more
Show less"
Web Developer,Intuitive Machines,1 week ago,"Phoenix, AZ",https://www.linkedin.com/jobs/view/web-developer-at-intuitive-machines-4148954665?position=12&pageNum=0&refId=tkfDEP%2Bvfc7VAy26L9C9Gw%3D%3D&trackingId=F52e%2BcqdKcU0cK3EcJVjuw%3D%3D,"101 E Jackson, Phoenix AZ
About Intuitive Machines
Intuitive Machines is an innovative and cutting-edge space company making cislunar space accessible to both public and private customers. Our mission is to further science and exploration, communications, and economic progress from the Earth to the Moon and beyond. With the first commercial lunar landing in history, multiple NASA lunar missions in development, and additional private missions on our manifest, we pride ourselves in supporting our customers and the nation in paving the way to return humans to the surface of the Moon. Our world-class team includes experts in all aspects of spacecraft subsystems design, development and test, on-orbit operations, and safety.
About The Role
In June 2009, NASA launched the Lunar Reconnaissance Orbiter (LRO), a robotic spacecraft now orbiting the Moon at 100-km altitude. The LRO primary objective is enable fundamental scientific discoveries about the Moon. The Lunar Reconnaissance Orbiter Camera (LROC) is one of seven instruments onboard LRO. LROC comprises three cameras that capture high-resolution black-and-white images and moderate-resolution multispectral images of the lunar surface.
In January of 2023, ShadowCam, a NASA-funded instrument hosted onboard the Korea Aerospace Research Institute (KARI) Korea Pathfinder Lunar Orbiter (KPLO , began orbital operations. By collecting high-resolution images of permanently shadowed regions (PSRs), ShadowCam provides critical information about the distribution and accessibility of water, ice, and other volatiles at spatial scales (1.7 m/pixel) required to mitigate risks and maximize the results of future exploration activities.
We are seeking a talented and experienced Web Developer to join our LROC and ShadowCam teams in Phoenix AZ to support these ground-breaking projects.
Responsibilities
Develops web forms, templates, database-driven web pages, web tools, and dynamic features within web pages designed to enhance, sustain, and support the ideas and vision of the organization in compliance with established styles and standards
Works on updating existing internal or external websites/tools as needed (new features, content updates etc)
Works to maintain existing internal or external websites/tools as needed (security updates, new version of OS or libraries, keeping up with browser changes, etc)
Identifies and troubleshoots errors and/or problems with web-based applications; works collaboratively with involved stakeholders to facilitate timely resolution; escalates as appropriate
Remains abreast of technology directions, initiatives, and trends within the scope of expertise to provide ideas, guidance, and recommendations
Minimum Qualifications
Associate degree in Information Technology, Business, Communications or closely related field AND two (2) years web content, graphic design or electronic publishing experience, OR, any equivalent combination of experience, and/or education from which comparable knowledge, skills and abilities have been achieved
Experience creating and using data formats such as JSON, YAML and CSV
Understanding of, and experience interacting with, relational databases
Experience with user interface (UI) design
Javascript experience
Experience with Linux (including command line)
Understanding of MVC
Familiarity with responsive design
Version Control (Git or SVN) experience
Preferred Qualifications
GIS expertise in specific tools such as QGIS, GDAL, OpenLayers, Proj4, and similar.
Experience with Ruby on Rails, ie writing command line programs with Ruby (including specific libraries such as OpenLayers, Bootstrap, JQuery, Hotwire) experience
US EEO Statement
Intuitive Machines is an Equal Opportunity/Affirmative Action Employer. All qualified applicants will receive consideration for employment without regard to race, religion, creed, color, national origin, ancestry, sex (including pregnancy, childbirth, breastfeeding, or medical conditions related to pregnancy, childbirth, or breastfeeding), age, medical condition, marital or domestic partner status, sexual orientation, gender, gender identity, gender expression and transgender status, mental disability or physical disability, genetic information, military or veteran status, citizenship, low-income status or any other status or characteristic protected by applicable law.
Show more
Show less"
"Engineer - JavaScript/TypeScript, Java - One Market",American Express,1 day ago,"Phoenix, AZ",https://www.linkedin.com/jobs/view/engineer-javascript-typescript-java-one-market-at-american-express-4158026878?position=13&pageNum=0&refId=tkfDEP%2Bvfc7VAy26L9C9Gw%3D%3D&trackingId=mGJfvzmVHBW66FSN7wE3cw%3D%3D,"You Lead the Way. We’ve Got Your Back.
With the right backing, people and businesses have the power to progress in incredible ways. When you join Team Amex, you become part of a global and diverse community of colleagues with an unwavering commitment to back our customers, communities and each other. Here, you’ll learn and grow as we help you create a career journey that’s unique and meaningful to you with benefits, programs, and flexibility that support you personally and professionally.
At American Express, you’ll be recognized for your contributions, leadership, and impact—every colleague has the opportunity to share in the company’s success. Together, we’ll win as a team, striving to uphold our company values and powerful backing promise to provide the world’s best customer experience every day. And we’ll do it with the utmost integrity, and in an environment where everyone is seen, heard and feels like they belong.
Join Team Amex and let's lead the way together.
As part of our diverse tech team, you can architect, code and ship software that makes us an essential part of our customers’ digital lives.
Here, you can work alongside talented engineers in an open, supportive, inclusive environment where your voice is valued, and you make your own decisions on what tech to use to solve challenging problems.
American Express offers a range of opportunities to work with the latest technologies and encourages you to back the broader engineering community through open source.
And because we understand the importance of keeping your skills fresh and relevant, we give you dedicated time to invest in your professional development.
Find your place in technology on #TeamAmex.
The U.S. Consumer Services and Enterprise Digital & Data Technology Team brings together foundational strategic technology capabilities in digital experience engineering (Mobile and Web), AI/ML, marketing technology, enterprise communications, travel and lifestyle, and automation, grounded in our data technology model that prioritizes data governance. It employs a ground-breaking focus with development responsibilities for customer-facing capabilities that deepen and expand digital engagement, as well as core technical capabilities that cut across business lines and customer segments.
The One Market team develops the company's internal platform for enterprise-grade web crawling and technical SEO.  This tool empowers teams across the organization to gain insights into website performance while enforcing SEO best practices and change management for search optimization strategies.
How will you make an impact in this role?
Contribute to design, development, testing, troubleshooting, debugging, modifying, deployment, documentation, reliability, and availability of software and systems that meet the needs of customer-facing applications, business applications, and/or internal end user tools and applications.
Entry level ability in software development
Function as member of a software engineering team by contributing to software builds through consistent development practices (tools, common components, and documentation)
Demonstrate increased self-reliance to achieve team goals
Participate in code reviews and automated testing
Debug basic software components and identify code defects for remediation
Enable the development, support, and monitoring of software across test, integration, and production environments
Automate deployments in test or production environments
Automatically scale applications based on demand projections
Adhere to security and regulatory best practices
Minimum Qualifications
Up to 4 years of software development experience in a professional environment and/or comparable experience such as:
Familiar with Agile or other rapid application development methods
Experience with design and coding across one or more platforms and as appropriate
Hands-on experience with application design, software development, and automated testing
Exposure to distributed (multi-tiered) systems, algorithms, and databases
Experience with object-oriented design and coding with variety of languages
Bachelor’s Degree in computer science, computer engineering, or related experience required
Preferred Qualifications
Technical SEO, Google Search Console, Lumar, Conductor, SEMRush
Domain Driven Design, CQRS, Event Sourcing
JavaScript/TypeScript, Java
React, RxJS
NestJS, Node.js
MongoDB, PostgreSQL
Docker, Kubernetes, OpenShift, Linux, Akamai
Git, Jenkins, GitHub Actions
Docusaurus, Storybook
Salary Range: $85,000.00 to $150,000.00 annually + bonus + benefits
The above represents the expected salary range for this job requisition. Ultimately, in determining your pay, we’ll consider your location, experience, and other job-related factors.
We back our colleagues and their loved ones with benefits and programs that support their holistic well-being. That means we prioritize their physical, financial, and mental health through each stage of life. Benefits include:
Competitive base salaries
Bonus incentives
6% Company Match on retirement savings plan
Free financial coaching and financial well-being support
Comprehensive medical, dental, vision, life insurance, and disability benefits
Flexible working model with hybrid, onsite or virtual arrangements depending on role and business need
20+ weeks paid parental leave for all parents, regardless of gender, offered for pregnancy, adoption or surrogacy
Free access to global on-site wellness centers staffed with nurses and doctors (depending on location)
Free and confidential counseling support through our Healthy Minds program
Career development and training opportunities
For a full list of Team Amex benefits, visit our
Colleague Benefits Site
.
American Express is an equal opportunity employer and makes employment decisions without regard to race, color, religion, sex, sexual orientation, gender identity, national origin, veteran status, disability status, age, or any other status protected by law.
We back our colleagues with the support they need to thrive, professionally and personally. That's why we have Amex Flex, our enterprise working model that provides greater flexibility to colleagues while ensuring we preserve the important aspects of our unique in-person culture. Depending on role and business needs, colleagues will either work onsite, in a hybrid model (combination of in-office and virtual days) or fully virtually.
US Job Seekers/Employees -
Click here
to view the “Know Your Rights” poster and the Pay Transparency Policy Statement.
If the links do not work, please copy and paste the following URLs in a new browser window: https://www.dol.gov/agencies/ofccp/posters to access the three posters.
Employment eligibility to work with American Express in the U.S. is required as the company will not pursue visa sponsorship for these positions.
Show more
Show less"
Java Backend Developer,Accord Technologies Inc,4 weeks ago,"Phoenix, AZ",https://www.linkedin.com/jobs/view/java-backend-developer-at-accord-technologies-inc-4132363569?position=14&pageNum=0&refId=tkfDEP%2Bvfc7VAy26L9C9Gw%3D%3D&trackingId=3gdok0T3%2BbMO7IbRs%2FY1Jw%3D%3D,"Job Title: Java Backend Developer
Location: Phoenix, AZ
Visa: Any
Job Description
Strong experience with Java backend development , experience with large data processing applications using Flink/Beam
Experience with GCP will be a plus.
Experience Big Query or Oracle is needed
Show more
Show less"
Software Engineer,Epic,5 days ago,"Mesa, AZ",https://www.linkedin.com/jobs/view/software-engineer-at-epic-3986117171?position=15&pageNum=0&refId=tkfDEP%2Bvfc7VAy26L9C9Gw%3D%3D&trackingId=4Vt%2Bc6%2FLUC6rXWqza52Jsw%3D%3D,"Please note that this position is based on our campus in Madison, WI, and requires relocation to the area. We recruit nationally and provide financial relocation assistance.
Code that saves lives.
As a software developer at Epic, you’ll write software that impacts the lives of 75% of Americans and 300 million patients around the world. Working in your own office, surrounded by thousands of high-caliber developers, you’ll use modern development methodologies and employ user-centered design, analytics, and machine learning tools to drive innovation in healthcare. Using leading-edge technologies and languages like JS, TS, and C#, you’ll invent better ways to reduce medical errors, streamline record sharing between hospitals, and provide the quality of care a patient deserves. Learn more about our team at https://careers.epic.com/jobs/softwaredevelopment/.
Write software for the most innovative health systems on the planet.
The top-ranked health systems in U.S. News and World Report are Epic customers. Our community includes major systems like the Mayo Clinic, Johns Hopkins, Cleveland Clinic, and Kaiser Permanente, as well as leading academic medical centers at the University of Wisconsin, University of Michigan, University of California, University of Texas, The Ohio State University, and many more.
Live affordably in a city known for its rising tech talent.
Epic is located just outside Madison, Wisconsin, the second fastest growing market for tech talent in the United States and home to the state capital and the University of Wisconsin. Madison, a city surrounded by water, has received accolades for being the greenest city in America (NerdWallet), the best city for renters (SmartAsset), the fittest city in America (Fitbit), and the third best metro in the US for young professionals (Forbes Advisor).
More than just important work
.
Our uniquely themed campus was designed to heighten your ability to get stuff done in your office, a conference room, or by the fireplace in a comfy chair. All meals are restaurant-quality but cost only a few dollars, and they’re prepared by a team comprised of kitchen talent from restaurants around the country. And, after five years here, you’ll earn a four-week sabbatical anywhere in the world. Staff have kayaked in Patagonia, attended a Beyoncé concert in Ireland, built a library in Tanzania, and run a marathon in Antarctica.
We offer comprehensive benefits to keep you healthy and happy as you grow in your life and career, and your merit-based compensation will reflect the impact your work has on the company and our customers. You'll also be eligible for annual raises and bonuses, as well as stock grants, which give you an even greater stake in the success of Epic and our customers. Healthcare is global, and building the best ideas from around the world into Epic software is a point of pride. As an Equal Opportunity Employer, we know that inclusive teams design software that supports the delivery of quality care for all patients, so diversity, equity, and inclusion are written into our principles. Please see our full non-discrimination statement at https://careers.epic.com/EEO.
Relocation to the Madison, WI area (Reimbursed)
BS/BA or greater in Computer Science, Mathematics, Software Engineering, Computer Engineering, or a related field
A history of academic excellence or professional success
Eligible to work in the United States without visa sponsorship (persons with appropriate qualifications and eligible for TN status under NAFTA may apply)
COVID-19 vaccination
Show more
Show less"
Software Engineer,Epic,5 days ago,"Gilbert, AZ",https://www.linkedin.com/jobs/view/software-engineer-at-epic-3986116444?position=16&pageNum=0&refId=tkfDEP%2Bvfc7VAy26L9C9Gw%3D%3D&trackingId=K6zUNpHaJ8Q5WfCQDUo8ow%3D%3D,"Please note that this position is based on our campus in Madison, WI, and requires relocation to the area. We recruit nationally and provide financial relocation assistance.
Code that saves lives.
As a software developer at Epic, you’ll write software that impacts the lives of 75% of Americans and 300 million patients around the world. Working in your own office, surrounded by thousands of high-caliber developers, you’ll use modern development methodologies and employ user-centered design, analytics, and machine learning tools to drive innovation in healthcare. Using leading-edge technologies and languages like JS, TS, and C#, you’ll invent better ways to reduce medical errors, streamline record sharing between hospitals, and provide the quality of care a patient deserves. Learn more about our team at https://careers.epic.com/jobs/softwaredevelopment/.
Write software for the most innovative health systems on the planet.
The top-ranked health systems in U.S. News and World Report are Epic customers. Our community includes major systems like the Mayo Clinic, Johns Hopkins, Cleveland Clinic, and Kaiser Permanente, as well as leading academic medical centers at the University of Wisconsin, University of Michigan, University of California, University of Texas, The Ohio State University, and many more.
Live affordably in a city known for its rising tech talent.
Epic is located just outside Madison, Wisconsin, the second fastest growing market for tech talent in the United States and home to the state capital and the University of Wisconsin. Madison, a city surrounded by water, has received accolades for being the greenest city in America (NerdWallet), the best city for renters (SmartAsset), the fittest city in America (Fitbit), and the third best metro in the US for young professionals (Forbes Advisor).
More than just important work
.
Our uniquely themed campus was designed to heighten your ability to get stuff done in your office, a conference room, or by the fireplace in a comfy chair. All meals are restaurant-quality but cost only a few dollars, and they’re prepared by a team comprised of kitchen talent from restaurants around the country. And, after five years here, you’ll earn a four-week sabbatical anywhere in the world. Staff have kayaked in Patagonia, attended a Beyoncé concert in Ireland, built a library in Tanzania, and run a marathon in Antarctica.
We offer comprehensive benefits to keep you healthy and happy as you grow in your life and career, and your merit-based compensation will reflect the impact your work has on the company and our customers. You'll also be eligible for annual raises and bonuses, as well as stock grants, which give you an even greater stake in the success of Epic and our customers. Healthcare is global, and building the best ideas from around the world into Epic software is a point of pride. As an Equal Opportunity Employer, we know that inclusive teams design software that supports the delivery of quality care for all patients, so diversity, equity, and inclusion are written into our principles. Please see our full non-discrimination statement at https://careers.epic.com/EEO.
Relocation to the Madison, WI area (Reimbursed)
BS/BA or greater in Computer Science, Mathematics, Software Engineering, Computer Engineering, or a related field
A history of academic excellence or professional success
Eligible to work in the United States without visa sponsorship (persons with appropriate qualifications and eligible for TN status under NAFTA may apply)
COVID-19 vaccination
Show more
Show less"
Software Developer,Cavalry Portfolio Services,1 week ago,"Phoenix, AZ",https://www.linkedin.com/jobs/view/software-developer-at-cavalry-portfolio-services-4145966458?position=17&pageNum=0&refId=tkfDEP%2Bvfc7VAy26L9C9Gw%3D%3D&trackingId=wNrjsE%2Fu3PnorzGf5EJrHg%3D%3D,"Software Developer – C#, Angular, TypeScript, SQL (Oracle/MSSQL)
Location:
Phoenix, AZ (Onsite/Hybrid)
Cavalry Portfolio Services, LLC is seeking a skilled
Software Developer
with experience in
C#, Angular, TypeScript, and SQL (Oracle or MSSQL)
to join our team in
Phoenix, AZ
. This is a hybrid position requiring
three in-office days per week
, so candidates must be within a
reasonable commuting distance
.
Non-local candidates and those requiring sponsorship will not be considered.
Apply by sending your resume directly to
slapa@cavps.com.
Compensation is based on experience and qualifications within the range of $85,000 to $125,000 annually.
About the Role
As a Software Developer at Cavalry, you will
design, build, and optimize applications that integrate with complex databases, ensuring efficiency and scalability
. This role provides opportunities to expand your skills in
modern web and backend development
while working in a collaborative, fast-paced environment.
Key Responsibilities
Develop and maintain
Windows and web applications
to improve operational efficiency and support evolving business needs.
Work with
relational databases (Oracle or MSSQL)
, ensuring data integrity and application performance.
Conduct testing to ensure applications meet functional and business requirements.
Collaborate with cross-functional teams to design and implement new features.
Create technical documentation and contribute to end-user training as needed.
Ensure compliance with regulatory and company policies.
Required Skills & Qualifications
Professional software development experience
with a focus on backend and frontend technologies.
Strong proficiency in
.NET development
(
C#
).
Experience with
Angular and TypeScript
for modern web application development.
Knowledge of
relational databases
and SQL (
Oracle PL/SQL or Microsoft T-SQL
).
Preferred Experience (Nice to Have)
Hands-on experience with
Oracle PL/SQL
and/or
Microsoft SQL Server
.
Familiarity with
cloud-based architectures and AWS services
.
Experience with
Machine Learning (ML) and Artificial Intelligence (AI) applications
.
Knowledge of
microservices architecture
.
About Cavalry
Founded in 2002, Cavalry Portfolio Services is a leader in acquiring and managing non-performing consumer loan portfolios. Our mission is to
help customers find affordable solutions to resolve their debts
while maintaining the highest professional standards.
We offer a
competitive benefits package
, including:
✔ Hybrid work schedule (
three in-office days per week
)
✔
401K with employer match
✔ Health, dental, and vision insurance
✔ A collaborative and supportive team environment
If you are a
motivated developer
looking to work with
C#, Angular, TypeScript, and SQL in a dynamic financial services environment
, we’d love to hear from you!
📩
Apply by sending your resume to:
slapa@cavps.com
Show more
Show less"
Java Developer,Tata Consultancy Services,5 days ago,"Phoenix, AZ",https://www.linkedin.com/jobs/view/java-developer-at-tata-consultancy-services-4130169153?position=18&pageNum=0&refId=tkfDEP%2Bvfc7VAy26L9C9Gw%3D%3D&trackingId=DXMDpYbm3Q7D0Xqrq6VBww%3D%3D,"Develop, test, Deploy and maintain application software in java.
Deep understanding of Java, REST webservices, Spring Boot, Spring Batch and Microservices. Extensive development of new functionalities using above mentioned technologies.
Automate the scheduler and develop jobs to load data in to database and monitor end-to-end system.
Building complex queries in different databases like DB2, Postgres and Cassandra.
Build and test the Rest API'S and develop the unit test cases and suits on Junit.
Production support for the applications with the extensive debugging to identify the root cause and fixing customer incidents
Salary Range- $110,000-$125,000 a year
Show more
Show less"
Software Developer - Websites,Sandhills Global,5 days ago,"Scottsdale, AZ",https://www.linkedin.com/jobs/view/software-developer-websites-at-sandhills-global-3594991424?position=19&pageNum=0&refId=tkfDEP%2Bvfc7VAy26L9C9Gw%3D%3D&trackingId=GrHt6wOOtkthK868SSjcsA%3D%3D,"As part of our website development team you will be involved in the development and enhancement of our public facing websites and/or surrounding systems. Our websites are some of the leading digital marketplaces for users looking to buy or sell different types of equipment or items in the markets we serve. In this team you will have an opportunity to make a big impact on how millions of users interact with our sites and find what they are looking to buy.
Our team works in an agile environment and takes an iterative approach to developing solutions. We also run in a modified scrum framework that fits our SDLC. We utilize in-house developed, easy to use tools for managing the backlog, planning, and day to day work. Our teams are highly collaborative and take a team oriented approach to development.
Participate in solution design to satisfy a wide range of business needs.
Analysis and translation of business requirements into technical requirements for development, and creation of design documents and technical specifications.
Adhere to best practices and standards in the areas of development, technology, and security.
Provide post-implementation support, including, but not limited to, monitoring application performance and debugging existing code.
Keep up with advancements and changes in technology and develop an understanding of how new technologies can be leveraged to provide business solutions.
Many projects employ client-side technologies, including JavaScript, jQuery, React.js, CSS, and HTML5 to develop robust and highly interactive web-based UIs.
Projects may include development of new products and new features or maintenance of existing software using agile practices as part of a collaborative and open environment.
Assume other duties as assigned.
Skills/Knowledge/Abilities Preferred
Understanding of SEO and principles surrounding it.
Website and API development using the Microsoft stack (C#/VB, ASP.NET, MS-SQL, IIS, Windows Server, .NET Framework, .NET Core).
Strong front end UI skills using client-side technologies such as JS, jQuery, React.js , CSS, and HTML5.
Strong relational database knowledge.
MS-SQL Server Knowledge and experience (Scripting, Indices, Views, Stored Procedures).
Ability to perform effectively in a team-oriented environment.
Ability to quickly learn new technologies. We regularly use and explore new technologies to efficiently solve our technical problems.
Strong analytical skills to determine effective approaches to business solutions.
Understanding of best practices and methods to integrate applications within the organization and with external partners.
Strong knowledge of the full software development life cycle, with exposure to agile or iterative approaches to delivery preferred.
TFS and TFVC
In Office Position. 4.5 day regular work week. Ability to commute daily to local office is required.
Excellent oral and written communication skills
Results oriented
Flexible and open to change
Stable and progressive work history
Professional appearance and demeanor
Show more
Show less"
Software Engineer Entry Level,General Dynamics Mission Systems,2 days ago,"Scottsdale, AZ",https://www.linkedin.com/jobs/view/software-engineer-entry-level-at-general-dynamics-mission-systems-4151749066?position=20&pageNum=0&refId=tkfDEP%2Bvfc7VAy26L9C9Gw%3D%3D&trackingId=8nQLKT%2BXKX%2FckOIryxXGSw%3D%3D,"Basic Qualifications
Requires a Bachelor’s degree in Software Engineering, or a related Science, Engineering or Mathematics field. Agile experience preferred.
CLEARANCE REQUIREMENTS:
[Department of Defense Secret security clearance is preferred at time of hire.] Applicants selected will be subject to a U.S. Government security investigation and must meet eligibility requirements for access to classified information. Due to the nature of work performed within our facilities, U.S. citizenship is required.
Responsibilities For This Position
ROLE AND POSITION OBJECTIVES:
As a software engineer for SDA, you’ll be a member of a cross functional team responsible for Msking some of the most advance systems even smarter.
What sets you apart:
Clear understanding of the software engineering concepts, principles, theories, software development process, and agile methodology
Clear understanding of the software development process, with agile experience
Ability to grasp and apply new information quickly and handle increasing responsibilities with growing complexity
Team player who thrives in collaborative environments and revels in team success
Commitment to ongoing professional development for yourself and others
Our Commitment to You:
An exciting career path with opportunities for continuous learning and development.
Research oriented work, alongside award winning teams developing practical solutions for our nation’s security
Flexible schedules with every other Friday off work, if desired (9/80 schedule)
Competitive benefits, including 401k matching, flex time off, paid parental leave, healthcare benefits, health & wellness programs, employee resource and social groups, and more
See more at gdmissionsystems.com/careers/why-work-for-us/benefits
Workplace Options:
This position is fully onsite with the chance to have some flex.
While on-site, you will be a part of the SDA team in Scottsddale AZ
Target salary range: USD $74,050.40/Yr. - USD $82,149.60/Yr. This estimate represents the typical salary range for this position based on experience and other factors (geographic location, etc.). Actual pay may vary. This job posting will remain open until the position is filled.
Company Overview
At General Dynamics Mission Systems, we rise to the challenge each day to ensure the safety of those that lead, serve, and protect the world we live in. We do this by making the world’s most advanced defense platforms even smarter. Our engineers redefine what’s possible and our manufacturing team brings it to life, building the brains behind the brawn on submarines, ships, combat vehicles, aircraft, satellites, and other advanced systems.
We pride ourselves in being a great place to work with this shared sense of purpose, committed to a diverse and exciting employee experience that drives innovation and creates a community where all feel welcome and a part of something amazing.
We offer highly competitive benefits and a flexible work environment where contributions are recognized and rewarded. To see more about our benefits, visit https://gdmissionsystems.com/careers/why-work-for-us/benefits
General Dynamics is an Equal Opportunity/Affirmative Action Employer that is committed to hiring a diverse and talented workforce. EOE/Disability/Veteran
Show more
Show less"
Solutions Engineer,Verkada,1 day ago,"Tempe, AZ",https://www.linkedin.com/jobs/view/solutions-engineer-at-verkada-3765969634?position=21&pageNum=0&refId=tkfDEP%2Bvfc7VAy26L9C9Gw%3D%3D&trackingId=aRIrZpzq6UYxVUgo%2BjDkiQ%3D%3D,"Who We Are
Verkada is a leader in cloud-based B2B physical security. Verkada offers six product lines — video security cameras, access control, environmental sensors, alarms, workplace and intercoms — integrated with a single cloud-based software platform.
Designed with simplicity and scalability in mind, Verkada gives organizations the real-time insight to know what could impact the safety and comfort of people throughout their physical environment, while empowering them to take immediate action to minimize security risks, workplace frustrations and costly inefficiencies.
Founded in 2016, Verkada has expanded rapidly with 15 offices across three continents, 2,100+ full-time employees and 28,000+ customers across 70+ countries.
Verkada is seeking Solutions Engineers to own and enhance the customer experience, from the proof-of-concept to the final decision. This technical individual will provide pre-sales engineering support to our sales team, be a trusted advisor to our customers/partners, and play a critical role in designing technical solutions. We are looking for individuals who can match our fast paced environment and learn quickly! You will join a team of highly motivated SEs delivering impactful results for the company using the latest cutting edge technology.
Responsibilities
Be the trusted technical advisor to key customer stakeholders: CTOs, CISOs, IT Executives, Security Engineers, Network Engineers, Head of Physical Security, etc
Utilize your technical expertise to understand and navigate customer requirements
Collaborate with the Sales team to assess and qualify customer opportunities, and contribute to the design of effective technical solutions
Lead product demonstrations and deliver engaging presentations tailored to both technical and non-technical audiences
Act as the Verkada technical Subject Matter Expert, collaborating closely with other departments such as Product, Support, Marketing, and Enablement
Requirements
Bachelor's degree in Information and Computer Technology, Cybersecurity, Networking, IT Security, Computer Engineering or related degree from an accredited university
Demonstrate a solid understanding of TCP/IP, TLS, DNS, DHCP, NAT, VLANs and L2 devices
Exhibit outstanding written and verbal communication skills, along with effective presentation abilities
Excellent account management, follow-through, and attention to detail
Entrepreneurial and positive attitude with a strong desire to learn
Experience working with IT infrastructure, Linux operating systems, APIs, Python, and other coding languages preferred
Industry certifications are a plus: Network +, Security+, CCNA, AWS Solutions Architect, etc
Must be authorized to work in the U.S (Position does not provide sponsorship)
US Employee Benefits
Benefits
Verkada is committed to investing in the holistic health and wellbeing of all employees and their families. Our benefits and perks programs include, but are not limited to:
Healthcare programs that can be tailored to meet the personal health and financial well-being needs - Premiums are 100% covered for the employee under most plans and 80% for family premiums
Nationwide medical, vision and dental coverage
Health Saving Account (HSA) and Flexible Spending Account (FSA) with tax saving options
Expanded mental health support
Paid parental leave policy & fertility benefits
Time off to relax and recharge through our paid holidays, firmwide extended holidays, flexible PTO and personal sick time
Professional development stipend
Wellness/fitness benefits
Healthy lunches and dinners provided daily
Annual Pay Range
Below is the annual on-target earnings (OTE) range for full-time employees for this position, comprised of base compensation and commissions (if applicable).
Estimated Annual Pay Range
$90,000—$120,000 USD
Verkada Is An Equal Opportunity Employer
As an equal opportunity employer, Verkada is committed to providing employment opportunities to all individuals. All applicants for positions at Verkada will be treated without regard to race, color, ethnicity, religion, sex, gender, gender identity and expression, sexual orientation, national origin, disability, age, marital status, veteran status, pregnancy, or any other basis prohibited by applicable law.
Your application will be handled in accordance with our Candidate Privacy Policy.
Show more
Show less"
Developer,Tata Consultancy Services,5 days ago,"Phoenix, AZ",https://www.linkedin.com/jobs/view/developer-at-tata-consultancy-services-4125896880?position=22&pageNum=0&refId=tkfDEP%2Bvfc7VAy26L9C9Gw%3D%3D&trackingId=Fwm2VTX%2BJ0GbIKYMpIwTEQ%3D%3D,"Java Developer
Develop, test, Deploy and maintain application software in java.
Deep understanding of Java, REST webservices, Spring Boot, Spring Batch and Microservices. Extensive development of new functionalities using above mentioned technologies.
Automate the scheduler and develop jobs to load data in to database and monitor end-to-end system.
Building complex queries in different databases like DB2, Postgres and Cassandra.
Build and test the Rest API'S and develop the unit test cases and suits on Junit.
Production support for the applications with the extensive debugging to identify the root cause and fixing customer incidents
Salary Range- $110,000-$125,000 a year
Show more
Show less"
Software Developer - E-Commerce,Sandhills Global,5 days ago,"Scottsdale, AZ",https://www.linkedin.com/jobs/view/software-developer-e-commerce-at-sandhills-global-3594993116?position=23&pageNum=0&refId=tkfDEP%2Bvfc7VAy26L9C9Gw%3D%3D&trackingId=LkOGMkk9nd4T4QNKuXNqnQ%3D%3D,"As part of our E-Commerce development team you will be involved in the development and enhancement of our E-Commerce platform. This team focuses on new features and improvements to several different facets of our E-Commerce platform, those being: E-Commerce framework for website hosting and setup automation; seller portal Addashop.com for managing products, shipping, and orders; our public E-Commerce marketplace Otherstock.com; and E-Commerce integrations with our other public marketplaces for retail and rental.
Now offering a 4.5 day workweek!
Our team works in an agile environment and takes an iterative approach to developing solutions. We also run in a modified scrum framework that fits our SDLC. We utilize in-house developed, easy to use tools for managing the backlog, planning, and day to day work. Our teams are highly collaborative and take a team oriented approach to development.
Participate in solution design to satisfy a wide range of business needs.
Analysis and translation of business requirements into technical requirements for development, and creation of design documents and technical specifications.
Adhere to best practices and standards in the areas of development, technology, and security.
Provide post-implementation support, including, but not limited to, monitoring application performance and debugging existing code.
Keep up with advancements and changes in technology and develop an understanding of how new technologies can be leveraged to provide business solutions.
Many projects employ client-side technologies, including JavaScript, jQuery, React.js, CSS, and HTML5 to develop robust and highly interactive web-based UIs.
Projects may include development of new products and new features or maintenance of existing software using agile practices as part of a collaborative and open environment.
Assume other duties as assigned.
Skills/Knowledge/Abilities Preferred
General industry experience developing E-Commerce websites or working with E-Commerce platforms is beneficial.
Understanding of SEO and principles surrounding it.
Website and API development using the Microsoft stack (C#/VB, ASP.NET, MS-SQL, IIS, Windows Server, .NET Framework, .NET Core).
Strong front end UI skills using client-side technologies such as JS, jQuery, React.js , CSS, and HTML5.
Strong relational database knowledge.
MS-SQL Server Knowledge and experience (Scripting, Indices, Views, Stored Procedures).
Ability to perform effectively in a team-oriented environment.
Ability to quickly learn new technologies. We regularly use and explore new technologies to efficiently solve our technical problems.
Strong analytical skills to determine effective approaches to business solutions.
Understanding of best practices and methods to integrate applications within the organization and with external partners.
Strong knowledge of the full software development life cycle, with exposure to agile or iterative approaches to delivery preferred.
TFS and TFVC
In Office Position. 4.5 day regular work week. Ability to commute daily to local office is required.
Excellent oral and written communication skills
Results oriented
Flexible and open to change
Stable and progressive work history
Professional appearance and demeanor
Show more
Show less"
"Software Engineer Entry Level - Scottsdale, AZ",VetJobs,3 days ago,"Scottsdale, AZ",https://www.linkedin.com/jobs/view/software-engineer-entry-level-scottsdale-az-at-vetjobs-4153250570?position=24&pageNum=0&refId=tkfDEP%2Bvfc7VAy26L9C9Gw%3D%3D&trackingId=9M8GiNI6echvtnSLZJBFsg%3D%3D,"Job Description
ATTENTION MILITARY AFFILIATED JOB SEEKERS
- Our organization works with partner companies to source qualified talent for their open roles. The following position is available to
Veterans, Transitioning Military, National Guard and Reserve Members, Military Spouses, Wounded Warriors, and their Caregivers
. If you have the required skill set, education requirements, and experience, please click the submit button and follow the next steps. Unless specifically stated otherwise, this role is ""On-Site"" at the location detailed in the job post.
As a software engineer for SDA, you’ll be a member of a cross functional team responsible for Msking some of the most advance systems even smarter.
What Sets You Apart
Clear understanding of the software engineering concepts, principles, theories, software development process, and agile methodology
Clear understanding of the software development process, with agile experience
Ability to grasp and apply new information quickly and handle increasing responsibilities with growing complexity
Team player who thrives in collaborative environments and revels in team success
Commitment to ongoing professional development for yourself and others
Our Commitment To You
An exciting career path with opportunities for continuous learning and development.
Research oriented work, alongside award winning teams developing practical solutions for our nation’s security
Flexible schedules with every other Friday off work, if desired (9/80 schedule)
Competitive benefits, including 401k matching, flex time off, paid parental leave, healthcare benefits, health & wellness programs, employee resource and social groups, and more
Workplace Options
This position is fully onsite with the chance to have some flex.
While on-site, you will be a part of the SDA team in Scottsddale AZ
Target salary range: USD $74,050.40/Yr. - USD $82,149.60/Yr. This estimate represents the typical salary range for this position based on experience and other factors (geographic location, etc.). Actual pay may vary. This job posting will remain open until the position is filled.
Auto req ID
439018BR
Minimum Education Required
Bachelors
Job_Category
Engineering
Additional Qualifications/Responsibilities
Basic Qualifications
Requires a Bachelor’s degree in Software Engineering, or a related Science, Engineering or Mathematics field. Agile experience preferred.
CLEARANCE REQUIREMENTS: [Department of Defense Secret security clearance is preferred at time of hire.] Applicants selected will be subject to a U.S. Government security investigation and must meet eligibility requirements for access to classified information. Due to the nature of work performed within our facilities, U.S. citizenship is required.
City*
Scottsdale
State*
Arizona
Job Code
Manufacturing Manufacturing
Affiliate Sponsor
General Dynamics Mission System
Show more
Show less"
Software Engineering - DevOps Engineer,Expedite Technology Solutions LLC,2 weeks ago,"Scottsdale, AZ",https://www.linkedin.com/jobs/view/software-engineering-devops-engineer-at-expedite-technology-solutions-llc-4140826127?position=25&pageNum=0&refId=tkfDEP%2Bvfc7VAy26L9C9Gw%3D%3D&trackingId=t%2B05Oes0q6HoF5uyXolaUw%3D%3D,"Job Description: *****
LEVEL 9
Maintain/Implementing Continuous Integration and Continuous Deployment Automation with Azure DevOps
Build and manage cloud infrastructure, platform, and applications through automation.
Deploy, support, and monitor new and existing services, platforms, and application stacks.
Continuous monitoring of cloud Personnel, responding to incidents and outages, automating operational tasks, managing backups and disaster recovery plans, and ensuring high availability.
Manage Azure Kubernetes Service infrastructure
Implement Infrastructure as Code (IaC) using Terraform
Create & manage build/release pipelines (CICD) using ADO for app deployments to K8S and serverless.
Implement Container security best practices
End-to-end automation of build/release pipelines using Helm charts, ServiceNow gates etc
SAST, SCA, IAST, DAST etc ��� for ex. SonarQube, Nexus IQ, Checkmarx, Snyk, Aqua, Rapid 7
Is this an onsite role? Yes, 3 days per week
Location: JeniusBank 18700 North Hayden Road, Scottsdale, AZ, USA
LPC: ***
Is a credit check required? No
Is a drug screen required: No
Show more
Show less"
Software Engineer,Epic,1 week ago,"Peoria, AZ",https://www.linkedin.com/jobs/view/software-engineer-at-epic-3986117169?position=26&pageNum=0&refId=tkfDEP%2Bvfc7VAy26L9C9Gw%3D%3D&trackingId=dA%2BJbg0ivK%2BTIvJGnoImUw%3D%3D,"Please note that this position is based on our campus in Madison, WI, and requires relocation to the area. We recruit nationally and provide financial relocation assistance.
Code that saves lives.
As a software developer at Epic, you’ll write software that impacts the lives of 75% of Americans and 300 million patients around the world. Working in your own office, surrounded by thousands of high-caliber developers, you’ll use modern development methodologies and employ user-centered design, analytics, and machine learning tools to drive innovation in healthcare. Using leading-edge technologies and languages like JS, TS, and C#, you’ll invent better ways to reduce medical errors, streamline record sharing between hospitals, and provide the quality of care a patient deserves. Learn more about our team at https://careers.epic.com/jobs/softwaredevelopment/.
Write software for the most innovative health systems on the planet.
The top-ranked health systems in U.S. News and World Report are Epic customers. Our community includes major systems like the Mayo Clinic, Johns Hopkins, Cleveland Clinic, and Kaiser Permanente, as well as leading academic medical centers at the University of Wisconsin, University of Michigan, University of California, University of Texas, The Ohio State University, and many more.
Live affordably in a city known for its rising tech talent.
Epic is located just outside Madison, Wisconsin, the second fastest growing market for tech talent in the United States and home to the state capital and the University of Wisconsin. Madison, a city surrounded by water, has received accolades for being the greenest city in America (NerdWallet), the best city for renters (SmartAsset), the fittest city in America (Fitbit), and the third best metro in the US for young professionals (Forbes Advisor).
More than just important work
.
Our uniquely themed campus was designed to heighten your ability to get stuff done in your office, a conference room, or by the fireplace in a comfy chair. All meals are restaurant-quality but cost only a few dollars, and they’re prepared by a team comprised of kitchen talent from restaurants around the country. And, after five years here, you’ll earn a four-week sabbatical anywhere in the world. Staff have kayaked in Patagonia, attended a Beyoncé concert in Ireland, built a library in Tanzania, and run a marathon in Antarctica.
We offer comprehensive benefits to keep you healthy and happy as you grow in your life and career, and your merit-based compensation will reflect the impact your work has on the company and our customers. You'll also be eligible for annual raises and bonuses, as well as stock grants, which give you an even greater stake in the success of Epic and our customers. Healthcare is global, and building the best ideas from around the world into Epic software is a point of pride. As an Equal Opportunity Employer, we know that inclusive teams design software that supports the delivery of quality care for all patients, so diversity, equity, and inclusion are written into our principles. Please see our full non-discrimination statement at https://careers.epic.com/EEO.
Relocation to the Madison, WI area (Reimbursed)
BS/BA or greater in Computer Science, Mathematics, Software Engineering, Computer Engineering, or a related field
A history of academic excellence or professional success
Eligible to work in the United States without visa sponsorship (persons with appropriate qualifications and eligible for TN status under NAFTA may apply)
COVID-19 vaccination
Show more
Show less"
